[
  {
    "id": "location-1",
    "address": "456 Elm St",
    "city": "San Francisco",
    "state": "CA",
    "country": "USA",
    "zipCode": "94101",
    "listingId": "listing-1",
    "name": "washington D.C.",
    "radius": 1000,
    "latitude": 58.130,
    "longitude": 125.0360
  },
  {
    "id": "location-2",
    "address": "789 Oak St",
    "city": "Chicago",
    "state": "IL",
    "country": "USA",
    "zipCode": "60601",
    "listingId": "listing-2",
    "name": "New York City",
    "radius": 1500,
    "latitude": 40.7128,
    "longitude": -74.0060
  },
  {
    "id": "location-3",
    "address": "321 Pine St",
    "city": "New York",
    "state": "NY",
    "country": "USA",
    "zipCode": "10001",
    "listingId": "listing-3",
    "name": "San Francisco",
    "radius": 1000,
    "latitude": 37.7749,
    "longitude": -122.4194
  },
  {
    "id": "location-4",
    "address": "123 Oak St",
    "city": "Boston",
    "state": "MA",
    "country": "USA",
    "zipCode": "02101",
    "listingId": "listing-4",
    "name": "Boston",
    "radius": 2000,
    "latitude": 42.3601,
    "longitude": -71.0589
  },
  {
    "id": "location-5",
    "address": "987 Willow St",
    "city": "Seattle",
    "state": "WA",
    "country": "USA",
    "zipCode": "98101",
    "listingId": "listing-5",
    "name": "Seattle",
    "radius": 1000,
    "latitude": 47.6062,
    "longitude": -122.3321
  },
  {
    "id": "location-6",
    "address": "246 Cedar St",
    "city": "Los Angeles",
    "state": "CA",
    "country": "USA",
    "zipCode": "90001",
    "listingId": "listing-6",
    "name": "Los Angeles",
    "radius": 1500,
    "latitude": 34.0522,
    "longitude": -118.2437
  },
  {
    "id": "location-7",
    "address": "567 Birch St",
    "city": "Vancouver",
    "state": "BC",
    "country": "Canada",
    "zipCode": "V6A 1B2",
    "listingId": "listing-7",
    "name": "Vancouver",
    "radius": 1000,
    "latitude": 49.2827,
    "longitude": -123.1207
  },
  {
    "id": "location-8",
    "address": "789 Oak St",
    "city": "Toronto",
    "state": "ON",
    "country": "Canada",
    "zipCode": "M5H 2N2",
    "listingId": "listing-8",
    "name": "Toronto",
    "radius": 1500,
    "latitude": 43.6532,
    "longitude": -79.3832
  },
  {
    "id": "location-9",
    "address": "321 Pine St",
    "city": "Montreal",
    "state": "QC",
    "country": "Canada",
    "zipCode": "H3A 2K1",
    "listingId": "listing-9",
    "name": "Montreal",
    "radius": 1000,
    "latitude": 45.5017,
    "longitude": -73.5673
  },
  {
    "id": "location-10",
    "address": "456 Elm St",
    "city": "Calgary",
    "state": "AB",
    "country": "Canada",
    "zipCode": "T2P 2N2",
    "listingId": "listing-10",
    "name": "Calgary",
    "radius": 1500,
    "latitude": 51.0486,
    "longitude": -114.0708
  }
]